pop,map
가락1동,가락1동
가락2동,가락2동
가락본동,가락본동
가리봉동,가리봉동
가산동,가산동
가양1동,가양1동
가양2동,가양2동
가양3동,가양3동
가회동,가회동
갈현1동,갈현1동
갈현2동,갈현2동
강일동,강일동
개봉1동,개봉1동
개봉2동,개봉2동
개봉3동,개봉3동
개포1동,개포1동
개포2동,개포2동
개포4동,개포4동
거여1동,거여1동
거여2동,거여2동
고덕1동,고덕1동
고덕2동,고덕2동
고척1동,고척1동
고척2동,고척2동
공덕동,공덕동
공릉1동,공릉1동
공릉2동,공릉2동
공항동,공항동
광장동,광장동
광희동,광희동
교남동,교남동
구로1동,구로1동
구로2동,구로2동
구로3동,구로3동
구로4동,구로4동
구로5동,구로5동
구산동,구산동
구의1동,구의1동
구의2동,구의2동
구의3동,구의3동
군자동,군자동
금호1가동,금호1가동
금호2.3가동,금호2·3가동
금호4가동,금호4가동
길동,길동
길음1동,길음1동
길음2동,길음2동
낙성대동,낙성대동
난곡동,난곡동
난향동,난향동
남가좌1동,남가좌1동
남가좌2동,남가좌2동
남영동,남영동
남현동,남현동
내곡동,내곡동
노량진1동,노량진1동
노량진2동,노량진2동
녹번동,녹번동
논현1동,논현1동
논현2동,논현2동
능동,능동
다산동,다산동
답십리1동,답십리1동
답십리2동,답십리2동
당산1동,당산1동
당산2동,당산2동
대림1동,대림1동
대림2동,대림2동
대림3동,대림3동
대방동,대방동
대조동,대조동
대치1동,대치1동
대치2동,대치2동
대치4동,대치4동
대학동,대학동
대흥동,대흥동
도곡1동,도곡1동
도곡2동,도곡2동
도림동,도림동
도봉1동,도봉1동
도봉2동,도봉2동
도화동,도화동
독산1동,독산1동
독산2동,독산2동
독산3동,독산3동
독산4동,독산4동
돈암1동,돈암1동
돈암2동,돈암2동
동선동,동선동
동화동,동화동
둔촌1동,둔촌1동
둔촌2동,둔촌2동
등촌1동,등촌1동
등촌2동,등촌2동
등촌3동,등촌3동
마장동,마장동
마천1동,마천1동
마천2동,마천2동
망우3동,망우3동
망우본동,망우본동
망원1동,망원1동
망원2동,망원2동
면목2동,면목2동
면목3.8동,면목3·8동
면목4동,면목4동
면목5동,면목5동
면목7동,면목7동
면목본동,면목본동
명동,명동
명륜3가동,명일1동
명일1동,명일2동
명일2동,목1동
목1동,목2동
목2동,목3동
목3동,목4동
목4동,목5동
목5동,무악동
무악동,묵1동
묵1동,묵2동
묵2동,문래동
문래동,문정1동
문정1동,문정2동
문정2동,미성동
미성동,미아동
미아동,반포1동
반포1동,반포2동
반포2동,반포3동
반포3동,반포4동
반포4동,반포본동
반포본동,발산1동
발산1동,방배1동
방배1동,방배2동
방배2동,방배3동
방배3동,방배4동
방배4동,방배본동
방배본동,방이1동
방이1동,방이2동
방이2동,방학1동
방학1동,방학2동
방학2동,방학3동
방학3동,방화1동
방화1동,방화2동
방화2동,방화3동
방화3동,번1동
번1동,번2동
번2동,번3동
번3동,보광동
보광동,보라매동
보라매동,보문동
보문동,부암동
부암동,북가좌1동
북가좌1동,북가좌2동
북가좌2동,북아현동
북아현동,불광1동
불광1동,불광2동
불광2동,사근동
사근동,사당1동
사당1동,사당2동
사당2동,사당3동
사당3동,사당4동
사당4동,사당5동
사당5동,사직동
사직동,삼각산동
삼각산동,삼선동
삼선동,삼성1동
삼성1동,삼성2동
삼성2동,삼성동
삼성동,삼양동
삼양동,삼전동
삼전동,삼청동
삼청동,상계10동
상계10동,상계1동
상계1동,상계2동
상계2동,상계3·4동
상계3.4동,상계5동
상계5동,상계6·7동
상계6.7동,상계8동
상계8동,상계9동
상계9동,상도1동
상도1동,상도2동
상도2동,상도3동
상도3동,상도4동
상도4동,상봉1동
상봉1동,상봉2동
상봉2동,상암동
상암동,상일1동
상일동,상일2동
서강동,서강동
서교동,서교동
서림동,서림동
서빙고동,서빙고동
서원동,서원동
서초1동,서초1동
서초2동,서초2동
서초3동,서초3동
서초4동,서초4동
석관동,석관동
석촌동,석촌동
성내1동,성내1동
성내2동,성내2동
성내3동,성내3동
성북동,성북동
성산1동,성산1동
성산2동,성산2동
성수1가1동,성수1가1동
성수1가2동,성수1가2동
성수2가1동,성수2가1동
성수2가3동,성수2가3동
성현동,성현동
세곡동,세곡동
소공동,소공동
송정동,송정동
송중동,송중동
송천동,송천동
송파1동,송파1동
송파2동,송파2동
수궁동,수궁동
수색동,수색동
수서동,수서동
수유1동,수유1동
수유2동,수유2동
수유3동,수유3동
숭인1동,숭인1동
숭인2동,숭인2동
시흥1동,시흥1동
시흥2동,시흥2동
시흥3동,시흥3동
시흥4동,시흥4동
시흥5동,시흥5동
신길1동,신길1동
신길3동,신길3동
신길4동,신길4동
신길5동,신길5동
신길6동,신길6동
신길7동,신길7동
신내1동,신내1동
신내2동,신내2동
신당1동,신당5동
신당2동,신당동
신당3동,신대방1동
신당4동,신대방2동
신당5동,신도림동
신당6동,신림동
신당동,신사1동
신대방1동,신사2동
신대방2동,신사동
신도림동,신수동
신림동,신원동
신사1동,신월1동
신사2동,신월2동
신사동,신월3동
신수동,신월4동
신원동,신월5동
신월1동,신월6동
신월2동,신월7동
신월3동,신정1동
신월4동,신정2동
신월5동,신정3동
신월6동,신정4동
신월7동,신정6동
신정1동,신정7동
신정2동,신촌동
신정3동,쌍문1동
신정4동,쌍문2동
신정6동,쌍문3동
신정7동,쌍문4동
신촌동,아현동
쌍문1동,안암동
쌍문2동,암사1동
쌍문3동,암사2동
쌍문4동,암사3동
아현동,압구정동
안암동,약수동
암사1동,양재1동
암사2동,양재2동
암사3동,양평1동
압구정동,양평2동
약수동,여의동
양재1동,역삼1동
양재2동,역삼2동
양평1동,역촌동
양평2동,연남동
여의동,연희동
역삼1동,염리동
역삼2동,염창동
역촌동,영등포동
연남동,영등포본동
연희동,오금동
염리동,오류1동
염창동,오류2동
영등포동,오륜동
영등포본동,옥수동
오금동,왕십리2동
오류1동,왕십리도선동
오류2동,용강동
오륜동,용답동
옥수동,용문동
왕십리2동,용산2가동
왕십리도선동,용신동
용강동,우이동
용답동,우장산동
용문동,원효로1동
용산2가동,원효로2동
용신동,월계1동
우이동,월계2동
우장산동,월계3동
원효로1동,월곡1동
원효로2동,월곡2동
월계1동,위례동
월계2동,은천동
월계3동,을지로동
월곡1동,응봉동
월곡2동,응암1동
위례동,응암2동
은천동,응암3동
을지로동,이문1동
응봉동,이문2동
응암1동,이촌1동
응암2동,이촌2동
응암3동,이태원1동
이문1동,이태원2동
이문2동,이화동
이촌1동,인수동
이촌2동,인헌동
이태원1동,일원1동
이태원2동,일원2동
이화동,일원본동
인수동,자양1동
인헌동,자양2동
일원1동,자양3동
일원2동,자양4동
일원본동,잠실2동
자양1동,잠실3동
자양2동,잠실4동
자양3동,잠실6동
자양4동,잠실7동
잠실2동,잠실본동
잠실3동,잠원동
잠실4동,장안1동
잠실6동,장안2동
잠실7동,장위1동
잠실본동,장위2동
잠원동,장위3동
장안1동,장지동
장안2동,장충동
장위1동,전농1동
장위2동,전농2동
장위3동,정릉1동
장지동,정릉2동
장충동,정릉3동
전농1동,정릉4동
전농2동,제기동
정릉1동,조원동
정릉2동,종로1·2·3·4가동
정릉3동,종로5·6가동
정릉4동,종암동
제기동,중계1동
조원동,중계2·3동
종로1.2.3.4가동,중계4동
종로5.6가동,중계본동
종암동,중곡1동
중계1동,중곡2동
중계2.3동,중곡3동
중계4동,중곡4동
중계본동,중림동
중곡1동,중앙동
중곡2동,중화1동
중곡3동,중화2동
중곡4동,증산동
중림동,진관동
중앙동,창1동
중화1동,창2동
중화2동,창3동
증산동,창4동
진관동,창5동
창1동,창신1동
창2동,창신2동
창3동,창신3동
창4동,천연동
창5동,천호1동
창신1동,천호2동
창신2동,천호3동
창신3동,청구동
천연동,청담동
천호1동,청량리동
천호2동,청룡동
천호3동,청림동
청구동,청운효자동
청담동,청파동
청량리동,충현동
청룡동,평창동
청림동,풍납1동
청운효자동,풍납2동
청파동,필동
충현동,하계1동
평창동,하계2동
풍납1동,한강로동
풍납2동,한남동
필동,합정동
하계1동,항동
하계2동,행당1동
한강로동,행당2동
한남동,행운동
합정동,혜화동
행당1동,홍은1동
행당2동,홍은2동
행운동,홍제1동
혜화동,홍제2동
홍은1동,홍제3동
홍은2동,화곡1동
홍제1동,화곡2동
홍제2동,화곡3동
홍제3동,화곡4동
화곡1동,화곡6동
화곡2동,화곡8동
화곡3동,화곡본동
화곡4동,화양동
화곡6동,황학동
화곡8동,회기동
화곡본동,회현동
화양동,효창동
황학동,후암동
회기동,휘경1동
회현동,휘경2동
효창동,흑석동
후암동,0
휘경1동,0
휘경2동,0
흑석동,0
